uuid,weight,previous value,Apple,AMD,Amazon,Bed Bath and Beyond,Berkshire Hathaway,Capital One,Dish,Ford,IBM,Microsoft,Netflix,Norfolk Southern,Nvidia,Sirius XM,WIX
Apple,1.0,515738.8386044502,7.0,8.0,3.0,4.0,3.0,9.0,8.0,8.0,0.0,9.0,4.0,2.0,10.0,8.0,9.0
AMD,0.7271181246866885,859110.9489953518,4.0,4.0,8.0,9.0,5.0,6.0,7.0,5.0,7.0,9.0,6.0,0.0,1.0,9.0,4.0
Amazon,0.4464049385943914,346003.9566919804,9.0,5.0,0.0,7.0,2.0,6.0,9.0,3.0,10.0,1.0,5.0,2.0,2.0,5.0,7.0
Bed Bath and Beyond,0.8982421129502812,1028391.5767378808,9.0,10.0,0.0,6.0,6.0,4.0,1.0,5.0,0.0,5.0,3.0,8.0,10.0,7.0,4.0
Berkshire Hathaway,0.8214625588002463,1372165.210567236,1.0,5.0,5.0,5.0,8.0,10.0,3.0,0.0,8.0,5.0,8.0,1.0,0.0,5.0,7.0
